Rank1,Rank5,Rank10,mAP,valid_queries
41.0936564207077,66.86425805091858,76.79312229156494,34.30853188037872,6748
