Rank1,Rank5,Rank10,mAP,valid_queries
52.22727060317993,78.43939661979675,86.83333396911621,44.69572603702545,6600
