mean_same,mean_diff,margin,std_same,std_diff
0.6270392537117004,0.909753143787384,0.2827138900756836,0.08188964426517487,0.12267662584781647
