mean_same,mean_diff,margin,std_same,std_diff
0.5811926126480103,0.9199341535568237,0.3387415409088135,0.08803212642669678,0.12922737002372742
